{"model_type":"linear_residual_regression_v2","model_version":"linear-v2-20260324011204","trained_at":"2026-03-23T16:12:04.418493+00:00","sample_count":313,"minimum_ml_samples":30,"recommended_ml_samples":100,"target":"delta = corrected_score - rule_score","feature_names":["brightnessMean","brightnessStd","contrast","overexposedRatio","underexposedRatio","entropy","saturationRatio","sharpnessRaw","noiseEstimate","meanEdge","dominantEdge","leftRightBalance","topBottomBalance","thirdsAlignment","subjectConcentration","subjectCenterSupport","subjectXRatio","subjectYRatio","backgroundInformation","backgroundClutter","compositionScore","lightScore","colorScore","technicalScore","subjectScore","impactScore","ruleTotalScore"],"means":[119.86516456104044,54.117820180164536,0.42279547015753544,0.02135719704275557,0.0838914961006094,7.136386169245839,0.31274215517315085,20.39911719330779,1.5861647117731423,56.34289370580373,105.18773912473789,0.8690455903892575,0.7035327039350058,0.5124406544959264,0.06277455082620209,0.8884078456978513,0.49378484237601866,0.521225527513037,0.5738761255671552,0.35846418824603143,64.06070287539936,75.90095846645367,70.17252396166134,70.66773162939297,61.33546325878594,68.44408945686901,66.8370607028754],"scales":[40.390662394982854,12.78574921511857,0.09988866574311382,0.08595387323514947,0.160707395603722,1.024685295049942,0.23319446831076013,14.95612699839556,1.0143420056159411,31.53845118272284,65.67199489956649,0.13538228134319352,0.2290398856292509,0.09435515857959804,0.02157654273839412,0.1325317743508785,0.03526221370309298,0.07469905256016823,0.22590245933374112,0.09865135075762682,3.9557644456434278,13.371077665288695,12.765103652747998,26.30039322884497,8.927427737005143,4.953222582043839,5.905185379285506],"weights":[2.7508900853045386,-0.041736060967570654,-0.041736060967570654,-2.1236159393017715,1.64234871703656,1.4092122177872257,1.716057043815159,-0.2759065631536407,-1.1646658367950433,-1.5582035223797859,3.4844987210260783,-1.444485618531813,-1.4652499842979372,-1.5152448390170576,0.382882962727585,-0.01157362905062342,0.022381163943108066,0.3701727898257889,-1.4540894048445565,-0.3953842578528942,1.0770323788888927,-0.8901162144681959,0.021053285526776253,-0.8200906938228067,-1.4211530463964748,0.16076207155976655,-1.4764610032897902],"bias":0.1533546325878493,"training_mae":4.5494281796827565}