{"model_type":"linear_residual_regression_v2","model_version":"linear-v2-20260409184941","trained_at":"2026-04-09T09:49:41.033208+00:00","sample_count":691,"minimum_ml_samples":30,"recommended_ml_samples":100,"target":"delta = corrected_score - rule_score","feature_names":["brightnessMean","brightnessStd","contrast","overexposedRatio","underexposedRatio","entropy","saturationRatio","sharpnessRaw","noiseEstimate","meanEdge","dominantEdge","leftRightBalance","topBottomBalance","thirdsAlignment","subjectConcentration","subjectCenterSupport","subjectXRatio","subjectYRatio","backgroundInformation","backgroundClutter","compositionScore","lightScore","colorScore","technicalScore","subjectScore","impactScore","ruleTotalScore"],"means":[120.10657945136195,55.98885495310891,0.4374129293211634,0.036663954194540285,0.11042463128097785,6.860618136604423,0.2859802934753525,22.73519434669272,1.6830942772983302,59.2331720284933,109.95096034338086,0.8641140217268823,0.7259663587505186,0.4947007152519062,0.06544576581555038,0.9036435722491033,0.49623705600724655,0.5179783149307042,0.5566606080495693,0.3559975765531611,64.04486251808973,73.19102749638205,68.0260492040521,67.16208393632417,61.499276410998554,67.41389290882779,65.11287988422576],"scales":[44.67358054366008,15.646737158623663,0.12224013405174737,0.11298513162794623,0.20053546307903725,1.4296219252504212,0.23044232744572551,18.045564939234314,1.3089046152468553,34.38631845861855,71.98632595538231,0.14041622731485945,0.2265013421061879,0.10057358985740107,0.025092889910926994,0.10156642306212905,0.03533991083189727,0.06955712100766705,0.2500839627269756,0.10607075953475195,4.365303480238957,14.39934796976523,13.990462490083585,27.28776400775407,9.281164471562768,6.069499395011285,7.593431102148952],"weights":[2.2471925407917506,-0.3543374107029465,-0.3543374107029465,-1.2031444544317063,2.5698588068682944,0.3963975740861044,1.373320559548095,-0.48047289989259645,-0.6183103827711824,0.07853988568558658,0.5170085884490936,-1.4062717541060505,-1.8208418390592924,-1.5963447574015348,-0.2445485575210957,-0.010442197170446357,-0.21137039538789848,0.5695100698561018,0.1555695754733759,0.35549709095377885,1.9393192162223627,-0.3170724350414531,0.4771960340842583,-1.328973826150299,-1.0788615510160762,-0.233879359702696,-0.5307380069641159],"bias":-0.5600578871201265,"training_mae":4.506523593396728}