{"model_type":"linear_residual_regression_v2","model_version":"linear-v2-20260420174500","trained_at":"2026-04-20T08:45:00.974871+00:00","sample_count":711,"minimum_ml_samples":30,"recommended_ml_samples":100,"target":"delta = corrected_score - rule_score","feature_names":["brightnessMean","brightnessStd","contrast","overexposedRatio","underexposedRatio","entropy","saturationRatio","sharpnessRaw","noiseEstimate","meanEdge","dominantEdge","leftRightBalance","topBottomBalance","thirdsAlignment","subjectConcentration","subjectCenterSupport","subjectXRatio","subjectYRatio","backgroundInformation","backgroundClutter","compositionScore","lightScore","colorScore","technicalScore","subjectScore","impactScore","ruleTotalScore"],"means":[119.91558778321046,55.954623831587874,0.43714549868428026,0.03586229445028383,0.11106407503189375,6.864479732269383,0.28473131751667746,23.101244084932606,1.7273481464070874,59.73132334239036,110.77111443661983,0.8628138170152465,0.7281032999684449,0.49507714576379996,0.0654092418264783,0.9039634773076657,0.49658822331431296,0.5183194253739568,0.5592974990131309,0.35667727433567914,64.0464135021097,73.28691983122363,67.9901547116737,67.16736990154712,61.40928270042194,67.45569620253164,65.11533052039381],"scales":[44.59880182173012,15.585544903865463,0.12176206956144893,0.11153157103851938,0.20214121472814015,1.4278325304983537,0.23120898613954502,18.151224572773234,1.3685274150044135,34.41297681852995,71.95994845629428,0.14304342351608065,0.2262165207063525,0.1026228426331877,0.02518120411546347,0.10100082913238467,0.03636755172261108,0.06905390695147816,0.2499844561208896,0.10590850921632228,4.4013596471114855,14.39308848993455,13.89841237343619,27.26746934799348,9.309787866454995,6.052321616412551,7.546251469968356],"weights":[2.1970489516727794,-0.31255457241686946,-0.31255457241686946,-1.2060041004190496,2.431390018097992,0.31749069721364503,1.3410581233831038,-0.5466051289236156,-0.41088970224752314,0.02661966645504831,0.5058293574822219,-1.5452557358431491,-1.8980451942579426,-1.6808363259258023,-0.32150571406588213,0.0014677688844668229,-0.22047623050220444,0.557390530001575,0.08632194652873952,0.43746579116371026,2.0078065801290297,-0.267406959824945,0.4683147201665774,-1.2859327138887082,-1.0279299585491766,-0.1770880230587343,-0.6274969547604414],"bias":-0.5443037974683752,"training_mae":4.465353145616867}