{"model_type":"linear_residual_regression_v2","model_version":"linear-v2-20260325210140","trained_at":"2026-03-25T12:01:40.120430+00:00","sample_count":401,"minimum_ml_samples":30,"recommended_ml_samples":100,"target":"delta = corrected_score - rule_score","feature_names":["brightnessMean","brightnessStd","contrast","overexposedRatio","underexposedRatio","entropy","saturationRatio","sharpnessRaw","noiseEstimate","meanEdge","dominantEdge","leftRightBalance","topBottomBalance","thirdsAlignment","subjectConcentration","subjectCenterSupport","subjectXRatio","subjectYRatio","backgroundInformation","backgroundClutter","compositionScore","lightScore","colorScore","technicalScore","subjectScore","impactScore","ruleTotalScore"],"means":[113.27576746130008,53.59065997728072,0.41867703107250565,0.017571542811084015,0.12932542355521517,6.820030757161226,0.30118482548699665,20.052610919686767,1.5996231970666601,54.647801184313074,100.70295905288262,0.8672933600020722,0.7209735975025228,0.4979056124205503,0.06637221675047762,0.9002563736076821,0.495156834762719,0.5187891349682202,0.5406768807876017,0.3439931130797956,64.53117206982543,74.63840399002494,70.07231920199501,68.16957605985037,62.241895261845386,68.19201995012469,66.38403990024938],"scales":[44.825626945682664,12.854654300984858,0.1004269867264442,0.07647097870534564,0.23483440732266792,1.581224629972847,0.22830482637799837,15.874690753546423,1.1530662653810457,33.2273062382656,68.23917150301948,0.14482738715272114,0.2191754155389407,0.09609900399870465,0.027533988435951676,0.12131340880753948,0.03407347666457362,0.06936023113464848,0.26041565012096723,0.10610822843908697,4.118524645995066,13.872465828970148,12.120231303104461,27.861004703923445,9.435902170675899,5.074068459606069,6.225772564777259],"weights":[3.2357577776593085,0.005312727949755984,0.005312727949755984,-1.9769686378001585,2.093102406455589,0.34247251176193205,1.3703171091973174,-1.007570232079233,-0.9643596740936946,-1.145866034241397,2.6863650892718858,-0.7969079756550115,-1.0748562752337822,-1.247171171716627,0.3815456709411049,-0.02250058322668397,0.060346610324632004,0.5227208308600735,-1.1484758811900557,0.16866856999067484,0.992965078022131,-0.7468205627431195,-0.15417427114130328,-0.5738699985575457,-1.1643062789354572,-0.3239778370478726,-1.3323564295170454],"bias":0.24937655860346353,"training_mae":4.359493030160076}