{"model_type":"linear_residual_regression_v2","model_version":"linear-v2-20260405235533","trained_at":"2026-04-05T14:55:33.281605+00:00","sample_count":533,"minimum_ml_samples":30,"recommended_ml_samples":100,"target":"delta = corrected_score - rule_score","feature_names":["brightnessMean","brightnessStd","contrast","overexposedRatio","underexposedRatio","entropy","saturationRatio","sharpnessRaw","noiseEstimate","meanEdge","dominantEdge","leftRightBalance","topBottomBalance","thirdsAlignment","subjectConcentration","subjectCenterSupport","subjectXRatio","subjectYRatio","backgroundInformation","backgroundClutter","compositionScore","lightScore","colorScore","technicalScore","subjectScore","impactScore","ruleTotalScore"],"means":[112.8913040840695,54.66782475049249,0.4270923808632226,0.023461077553765555,0.12107338414036015,6.875020568476473,0.3013908769734233,21.819124259367893,1.6992167187523348,56.9408102400135,105.4197571075283,0.865117247026347,0.7152335102773713,0.5037058658458844,0.06563886110024206,0.9000758364449905,0.49777394271857184,0.5188705976580867,0.5518155188198139,0.3515579773840853,64.38273921200751,73.87992495309568,69.22889305816135,69.54784240150094,61.833020637898684,67.98874296435272,66.25703564727955],"scales":[43.13524010165398,13.845760192804272,0.10817000150628338,0.08659114404176474,0.21790200147853053,1.460167426991145,0.22992650009005772,18.194378131878086,1.292532473464716,35.28242172090863,72.3051536636469,0.14754231899915937,0.22663026862685262,0.09837510469549055,0.02697472758053637,0.11099501478265562,0.03446905988121366,0.07190072124790366,0.25744023603576915,0.10731767873277111,4.120584213472626,14.218366369180792,12.965249776867248,27.481121953535116,9.396432483053312,5.359134590638145,6.433056357744642],"weights":[2.7722343023582394,-0.27680654478187916,-0.27680654478187916,-1.9185916217568666,2.675809156608146,0.7892689073603596,1.110988173598813,-1.1541551238910577,-0.5896992496949569,0.5352494287483278,1.9389218665874914,-1.1534268849972238,-1.2358637397090608,-1.7657520673105613,0.17061539848368254,-0.045750881593879904,-0.3586504803522762,0.681160689377782,-1.340840470562529,0.6786564750729479,1.150089426131463,-0.297101219791253,0.01429892547459306,-1.295023842305843,-0.8531757558523537,-0.06352696431260718,-1.04720274706019],"bias":-0.7579737335835008,"training_mae":4.800966472106507}