{"model_type":"linear_residual_regression_v2","model_version":"linear-v2-20260324212904","trained_at":"2026-03-24T12:29:04.642337+00:00","sample_count":337,"minimum_ml_samples":30,"recommended_ml_samples":100,"target":"delta = corrected_score - rule_score","feature_names":["brightnessMean","brightnessStd","contrast","overexposedRatio","underexposedRatio","entropy","saturationRatio","sharpnessRaw","noiseEstimate","meanEdge","dominantEdge","leftRightBalance","topBottomBalance","thirdsAlignment","subjectConcentration","subjectCenterSupport","subjectXRatio","subjectYRatio","backgroundInformation","backgroundClutter","compositionScore","lightScore","colorScore","technicalScore","subjectScore","impactScore","ruleTotalScore"],"means":[119.48925530680181,53.539537318355904,0.4182776352996555,0.02001599711458122,0.09097287581452669,7.069902118906362,0.3063250793607719,20.316533755543645,1.6082015113282797,55.77633665840033,103.58267629958934,0.8689201735744454,0.7106837220582872,0.5076807852876143,0.06378980202505938,0.8922595473540307,0.4942787864251407,0.520748378147232,0.5653199665585786,0.35451572153935634,64.22255192878339,75.96439169139465,70.24629080118694,69.99703264094956,61.66172106824926,68.48071216617211,66.82789317507418],"scales":[41.52223230058909,12.811210057722521,0.1000875785759572,0.08298966176782892,0.17870786716017725,1.153218825188937,0.23370254995936732,15.205197744748274,1.0694761339048584,31.717414173339527,65.88128854960556,0.140861202912738,0.22638830360748838,0.09502003590941238,0.023737923037481966,0.1291017395709646,0.034534494073145794,0.07308168666559092,0.23235442816155452,0.10031272376679268,4.071435053963004,13.411715138946223,12.450561922120714,26.719501154337078,9.05758632500715,4.965197761451886,5.940360818941184],"weights":[2.7722999962202493,-0.050236477272886465,-0.050236477272886465,-2.1707773455981645,1.4386616308696978,0.8870522471832651,1.5417650871310369,-0.39473258853242993,-1.0594897113306572,-1.6088535879397168,3.3754274898120986,-1.1666911816470398,-1.0729188448043414,-1.188068996155985,0.30805685776885894,0.015280804737213369,0.05432360251063774,0.4535720491988415,-1.286375533092032,-0.23414327777374344,1.0429018263836447,-0.6595130127126638,-0.1030097978338135,-0.6915219140135243,-1.108878386457772,-0.40654311043780517,-1.119525264012839],"bias":0.296735905044494,"training_mae":4.5450458928738335}