{"model_type":"linear_residual_regression_v2","model_version":"linear-v2-20260323125959","trained_at":"2026-03-23T03:59:59.279764+00:00","sample_count":293,"minimum_ml_samples":30,"recommended_ml_samples":100,"target":"delta = corrected_score - rule_score","feature_names":["brightnessMean","brightnessStd","contrast","overexposedRatio","underexposedRatio","entropy","saturationRatio","sharpnessRaw","noiseEstimate","meanEdge","dominantEdge","leftRightBalance","topBottomBalance","thirdsAlignment","subjectConcentration","subjectCenterSupport","subjectXRatio","subjectYRatio","backgroundInformation","backgroundClutter","compositionScore","lightScore","colorScore","technicalScore","subjectScore","impactScore","ruleTotalScore"],"means":[119.16175569637349,53.90937518743784,0.4211669936518581,0.022347354241020117,0.08704216999740524,7.11771754837341,0.3170244390134357,20.002343286082763,1.529479988077424,55.842452754867956,104.1457757739173,0.8688925819073694,0.7041777432428825,0.51165717987259,0.062422945834115486,0.8875921626660935,0.49436439860983944,0.5207723118824581,0.5696666418846938,0.35653559873339963,63.98976109215017,75.580204778157,69.96928327645051,69.86006825938567,61.32081911262799,68.21160409556315,66.56996587030717],"scales":[40.97260985283061,12.770171211280193,0.0997669625881265,0.08869650371523617,0.16525708487183235,1.051041191964784,0.232501925105608,14.858981030573634,0.9159814064762024,31.880382264630676,66.53273251869649,0.13470017402450205,0.23089768913473577,0.09137794698842058,0.02149944010803772,0.13571077405709567,0.03478748543310794,0.07491892620292437,0.2283459752759751,0.09924856462196856,3.969581129748252,13.52930899957006,12.767375706129311,26.395344428589553,8.907151516310654,4.925686849794228,5.881600772229134],"weights":[2.6266394814112286,-0.2168904827286451,-0.2168904827286451,-2.2050580009565146,1.482469256358215,1.5957713568374194,1.8230258784003495,0.23424405470174836,-1.8165829908219346,-1.7109628091601672,3.229950997742221,-1.2871620930603223,-1.6493409179491914,-1.5029657945158164,0.43320682711952396,-0.010040130528584212,0.2545893596875607,0.24602049631421105,-1.2113525595293393,-0.9149847199856685,1.1965826470672771,-1.5802985067419233,0.296260452033141,-0.28453253275748713,-1.6527582006807306,0.2494424425850379,-1.2402087874174892],"bias":0.12969283276449928,"training_mae":4.340331372204852}