{"model_type":"linear_residual_regression_v2","model_version":"linear-v2-20260319002852","trained_at":"2026-03-18T15:28:52.637853+00:00","sample_count":31,"minimum_ml_samples":30,"recommended_ml_samples":100,"target":"delta = corrected_score - rule_score","feature_names":["brightnessMean","brightnessStd","contrast","overexposedRatio","underexposedRatio","entropy","saturationRatio","sharpnessRaw","noiseEstimate","meanEdge","dominantEdge","leftRightBalance","topBottomBalance","thirdsAlignment","subjectConcentration","subjectCenterSupport","subjectXRatio","subjectYRatio","backgroundInformation","backgroundClutter","compositionScore","lightScore","colorScore","technicalScore","subjectScore","impactScore","ruleTotalScore"],"means":[127.4854974997166,53.17764998288654,0.4154503904913011,0.05437310874390438,0.07688695236560122,7.058329350703609,0.30103147862865703,19.332790624885558,1.2385000612021744,53.745471926813025,101.43806468218023,0.8411158052402996,0.6638873883210114,0.5516488746410949,0.0618278583428852,0.7359603763369381,0.4828929936922593,0.5142700737955203,0.5507974905921048,0.35902867365619684,63.354838709677416,72.38709677419355,70.45161290322581,67.58064516129032,61.12903225806452,67.0,65.41935483870968],"scales":[47.05516095031774,10.734741281553523,0.0838651662621369,0.15960817120113768,0.12372385483629689,0.9327188910500134,0.26359377303683934,14.966815318960032,0.7125146080517659,29.418858364746484,67.14805770104697,0.1487429808623857,0.2189685721266616,0.08724930308345412,0.01600219647898572,0.3285929801501016,0.0410287644947111,0.08155588672644393,0.21656260292826823,0.10266661301382991,3.9720668796693333,12.445176340732385,11.655923897944435,26.7542871976574,8.491901020056893,4.5436946739765185,5.097590787993033],"weights":[4.9056742573708,0.06772048885691553,0.06772048885691553,0.10533454399407033,4.019849492919533,0.792280488765276,1.7797791509428025,-4.250718294754341,-0.4323154259348106,-2.3659204544590007,7.395631445815426,1.4746050725274742,-2.703378183284524,-0.6378538292562296,0.49322741239588447,-0.7290555915782265,-1.367894911023387,0.9216123158888752,2.740558547767245,1.348712085984162,1.4879827821924996,0.3734556735730807,1.1929093757885796,-2.8242438461376347,-0.08990395179998169,-1.592198704745663,0.15445084483548208],"bias":-0.5161290322580758,"training_mae":1.9845582326809759}