{"model_type":"linear_residual_regression_v2","model_version":"linear-v2-20260325211846","trained_at":"2026-03-25T12:18:46.995962+00:00","sample_count":411,"minimum_ml_samples":30,"recommended_ml_samples":100,"target":"delta = corrected_score - rule_score","feature_names":["brightnessMean","brightnessStd","contrast","overexposedRatio","underexposedRatio","entropy","saturationRatio","sharpnessRaw","noiseEstimate","meanEdge","dominantEdge","leftRightBalance","topBottomBalance","thirdsAlignment","subjectConcentration","subjectCenterSupport","subjectXRatio","subjectYRatio","backgroundInformation","backgroundClutter","compositionScore","lightScore","colorScore","technicalScore","subjectScore","impactScore","ruleTotalScore"],"means":[112.69386745565377,53.4044633959769,0.4172223702810695,0.017431578519249043,0.12897326940596016,6.820686267815114,0.30071554654418653,19.88181033539607,1.5959350134630734,54.112363669810186,99.59472109453918,0.8675112626390634,0.7182736414052837,0.4994940311269888,0.06636915221382851,0.8994405206175531,0.49533869967708005,0.5197215442517471,0.5377974913671303,0.3430184288258467,64.52068126520682,74.45985401459853,69.92457420924575,67.65206812652067,62.32603406326034,68.06082725060827,66.23357664233576],"scales":[44.55354765002685,12.92501830780904,0.10097670552975813,0.07566728724108748,0.23340590653264567,1.5634201297668044,0.2278037542876746,15.757559679870015,1.1404660629273913,33.178370030174605,68.1471395707568,0.1439088648947356,0.22301167534047328,0.09691791536327876,0.02734548211279373,0.12085975750732879,0.033992752659120995,0.07047391041144492,0.25885250034062784,0.10599742688921245,4.096338109894456,13.828114771346806,12.059126618224541,28.00908984111621,9.370231820433759,5.129818207185396,6.282787795830365],"weights":[3.3587649531385275,0.0467622952129032,0.0467622952129032,-2.0731916115342255,1.8044357126536879,0.015415101915246936,1.4078705100273115,-1.0956420972160894,-1.0169696513557276,-0.9452454163862443,2.582115083157801,-0.9282637968858047,-1.2607613164402711,-1.446109312540929,0.4519992897299496,-0.017524105874016892,-0.0037419973099753773,0.5058679762286884,-1.305141844128751,0.23461402467933776,1.0982972614025475,-0.9355030088907403,-0.2459123638591952,-0.6076965037802673,-1.4108752089082834,-0.06714492738208482,-1.1683593834097614],"bias":0.10705596107054238,"training_mae":4.38880113572802}