{"model_type":"linear_residual_regression_v2","model_version":"linear-v2-20260321065500","trained_at":"2026-03-20T21:55:00.757172+00:00","sample_count":201,"minimum_ml_samples":30,"recommended_ml_samples":100,"target":"delta = corrected_score - rule_score","feature_names":["brightnessMean","brightnessStd","contrast","overexposedRatio","underexposedRatio","entropy","saturationRatio","sharpnessRaw","noiseEstimate","meanEdge","dominantEdge","leftRightBalance","topBottomBalance","thirdsAlignment","subjectConcentration","subjectCenterSupport","subjectXRatio","subjectYRatio","backgroundInformation","backgroundClutter","compositionScore","lightScore","colorScore","technicalScore","subjectScore","impactScore","ruleTotalScore"],"means":[118.3632296773434,53.31638248150635,0.4165342381367684,0.024691133602225968,0.09297613155489776,7.0447443700462635,0.29668032756158835,19.898321109397408,1.520783357200996,55.15318539163129,102.37133566542452,0.8624177492092702,0.69409834044052,0.5219871087836028,0.06199575765794669,0.8772733980593805,0.49423506657417854,0.5216579988742411,0.5569543819200741,0.353544605172673,63.80597014925373,75.22388059701493,70.59203980099502,67.8457711442786,61.243781094527364,67.83582089552239,66.1592039800995],"scales":[41.99490281611125,13.045094747865845,0.10191480271770191,0.09459822612916051,0.17965262558530853,1.1324180302716165,0.23016834998566854,15.553646918005231,0.9085795135498025,34.19459149902032,70.38392537708502,0.14320951698140008,0.22985721346912785,0.09020052432773293,0.02132594241947527,0.15492379977538867,0.03659100220849496,0.07459504417212168,0.24060498388072887,0.10505391979010575,3.868120010679525,13.94925511539237,13.035456291010062,26.720426429689343,8.876447321232051,5.254508648965284,6.27278155375099],"weights":[1.9408573660015986,0.017902684043081842,0.017902684043081842,-1.7844695326843218,2.221490916875774,0.9306199101683859,1.3653651613445388,0.35039974120408013,-1.0928145795693678,-1.5850206233503374,2.897766518969027,-0.298488761032127,-1.0856861713764534,-0.6014940937843318,-0.01867237334953151,-0.275151271532322,0.06138468699925615,-0.09454228029341379,-1.3269965200648075,-0.4907734487697564,-0.20402658587953112,-0.9082829298475281,0.5550854744914822,-0.4496569946251501,-0.1576961436143596,0.26800970050754885,-1.0328531724334635],"bias":-1.2139303482586903,"training_mae":3.4792019791035664}