{"model_type":"linear_residual_regression_v2","model_version":"linear-v2-20260319001325","trained_at":"2026-03-18T15:13:25.533894+00:00","sample_count":28,"minimum_ml_samples":30,"recommended_ml_samples":100,"target":"delta = corrected_score - rule_score","feature_names":["brightnessMean","brightnessStd","contrast","overexposedRatio","underexposedRatio","entropy","saturationRatio","sharpnessRaw","noiseEstimate","meanEdge","dominantEdge","leftRightBalance","topBottomBalance","thirdsAlignment","subjectConcentration","subjectCenterSupport","subjectXRatio","subjectYRatio","backgroundInformation","backgroundClutter","compositionScore","lightScore","colorScore","technicalScore","subjectScore","impactScore","ruleTotalScore"],"means":[130.46950328383144,53.098919628041166,0.4148353095940716,0.058138862443028065,0.0765767696050456,7.024058962898759,0.2977609371833642,19.855727052935585,1.2295230557938504,53.9807322658986,103.61745578119236,0.8495962200611775,0.6554383289604805,0.5496752522205302,0.060955783286626694,0.7183910560490031,0.47897473852276773,0.5165431166443851,0.547284398046656,0.36058042588532907,63.17857142857143,72.64285714285714,70.53571428571429,68.07142857142857,60.857142857142854,67.03571428571429,65.5],"scales":[48.57085887309581,11.154350038895377,0.08714335967887013,0.1674043160454429,0.128967198440676,0.974889340016649,0.2737014943478279,15.502336282834515,0.7446826577327936,29.908766946451166,68.70899608803522,0.15315608724341317,0.22532412835806545,0.09086554390153849,0.01526621175892579,0.34105837449684556,0.03844636465569964,0.0837314825491895,0.2245683485060031,0.10652812216719507,4.106211074427994,12.812422224751497,11.06630065577841,26.53290217746984,8.663199201690059,4.083784509296168,4.6097722286464435],"weights":[4.045620654786337,-1.1541595274461198,-1.1541595274461198,-1.6347591919583673,4.928770731894793,0.721952807351631,0.6411670112846779,-2.486886829025106,-2.859951177317455,-0.18660381758082914,5.296496574863855,-3.31422510355887,0.39040865094520066,1.9870111447399132,0.4817608730721109,-0.654192425723708,3.207299920022425,2.9713939096887785,2.619749245052572,2.2466099759963094,2.2263225060922243,0.894704214252978,1.2084847712357025,-2.844087339262837,-0.3311806959795833,-0.8982439569009176,-0.7221170046162132],"bias":0.28571428571428564,"training_mae":1.6098149223105713}