{"model_type":"linear_residual_regression_v2","model_version":"linear-v2-20260328231848","trained_at":"2026-03-28T14:18:48.997230+00:00","sample_count":487,"minimum_ml_samples":30,"recommended_ml_samples":100,"target":"delta = corrected_score - rule_score","feature_names":["brightnessMean","brightnessStd","contrast","overexposedRatio","underexposedRatio","entropy","saturationRatio","sharpnessRaw","noiseEstimate","meanEdge","dominantEdge","leftRightBalance","topBottomBalance","thirdsAlignment","subjectConcentration","subjectCenterSupport","subjectXRatio","subjectYRatio","backgroundInformation","backgroundClutter","compositionScore","lightScore","colorScore","technicalScore","subjectScore","impactScore","ruleTotalScore"],"means":[112.82669040344439,54.585196742620816,0.4264468495517251,0.023209535088329587,0.12732790003297625,6.831694035163205,0.2969956747461144,20.87065103313266,1.663006632280689,55.23231033704555,101.77278082422248,0.8658946688488659,0.7123435435011196,0.5039629666207764,0.06605457909110439,0.8994319784540921,0.49672224675143034,0.5192575783192559,0.5389449076301144,0.3451125284182332,64.42505133470226,73.54209445585215,69.22792607802874,68.39219712525667,62.252566735112936,67.86447638603696,66.06365503080082],"scales":[44.1218408015578,14.119796916634677,0.11031091341120841,0.0809100147751185,0.2260203510115691,1.4906704559672037,0.23106219280962537,16.91136314525016,1.2321272901465865,34.36929272935452,70.62241384575259,0.14590651046810982,0.22895890619437936,0.09984084371177628,0.02716852974257672,0.114317043904554,0.034433629808511224,0.07175664777736551,0.25816547612891827,0.10670326065806146,4.200570601143157,14.19683331261122,12.846247640863373,27.60494592878533,9.428857610276484,5.3794527788763995,6.47392918754519],"weights":[2.8807187056043224,-0.25847575586389904,-0.25847575586389904,-1.7966020943545518,2.5396065531947465,0.6707213159674671,1.2256455716181216,-0.8339567361377505,-0.9491753710789472,0.21702207334080112,1.8223470603060454,-1.118075686213836,-1.4232361151186466,-1.9401962731512103,0.22334765157034348,0.02069908855842948,-0.38620827193874907,0.38585124734957815,-1.125272503304332,0.6577219990021892,1.0832601540615994,-0.21903435707571875,-0.06845775362987615,-1.4611039660185308,-0.9347377782439829,0.1657056426824945,-1.0930347890994443],"bias":-0.4825462012320527,"training_mae":4.652858922549157}