{"model_type":"linear_residual_regression_v2","model_version":"linear-v2-20260324021545","trained_at":"2026-03-23T17:15:45.512242+00:00","sample_count":332,"minimum_ml_samples":30,"recommended_ml_samples":100,"target":"delta = corrected_score - rule_score","feature_names":["brightnessMean","brightnessStd","contrast","overexposedRatio","underexposedRatio","entropy","saturationRatio","sharpnessRaw","noiseEstimate","meanEdge","dominantEdge","leftRightBalance","topBottomBalance","thirdsAlignment","subjectConcentration","subjectCenterSupport","subjectXRatio","subjectYRatio","backgroundInformation","backgroundClutter","compositionScore","lightScore","colorScore","technicalScore","subjectScore","impactScore","ruleTotalScore"],"means":[119.34627345319038,53.46083230002732,0.41766275234396344,0.020206771461232894,0.09184312279230285,7.061009629000991,0.30427685307043334,20.11470043349541,1.583481343353355,55.44329543874352,102.96598506585194,0.8681749342897224,0.7077239067837159,0.5089168901924173,0.06396548136201272,0.8911821134941401,0.49417682194003537,0.5209439158066176,0.5628613415849817,0.3537589944653181,64.20180722891567,75.8644578313253,70.27710843373494,69.66566265060241,61.74096385542169,68.42168674698796,66.76204819277109],"scales":[41.70207067721508,12.878930206474779,0.10061664223808421,0.08359016047714496,0.17989354426007126,1.159540452073562,0.2334137172573833,15.128642095255238,1.0411880605521098,31.80156355180293,66.11809098354168,0.14166071793186608,0.22662584474709968,0.0950059871175856,0.023855673819480252,0.12973799480969084,0.034725541314876596,0.07354811050825433,0.23307572171679627,0.10073155725856868,4.098000877471232,13.469163868201424,12.511982933973703,26.76514820238875,9.0911917670722,4.975531652715491,5.955710484163203],"weights":[2.7136473231536784,-0.04946090187878199,-0.04946090187878199,-2.1972407707132984,1.3575706251192128,0.8896747277867734,1.5651729952079572,-0.33084049398153814,-1.1678102259650014,-1.5311409898303798,3.4064795981710616,-1.2053760437572,-1.0524958419349422,-1.184666623384218,0.2728637567367801,0.01860880751147917,0.05765371068234983,0.44046722512335107,-1.431839231609952,-0.15213137721521416,1.0612698251835282,-0.641131015950736,-0.15552355334418996,-0.7230917033764593,-1.0731176449488062,-0.27389079807637495,-1.2061870665426069],"bias":0.32530120481926306,"training_mae":4.556991710611146}