{"model_type":"linear_residual_regression_v2","model_version":"linear-v2-20260325173832","trained_at":"2026-03-25T08:38:32.873119+00:00","sample_count":382,"minimum_ml_samples":30,"recommended_ml_samples":100,"target":"delta = corrected_score - rule_score","feature_names":["brightnessMean","brightnessStd","contrast","overexposedRatio","underexposedRatio","entropy","saturationRatio","sharpnessRaw","noiseEstimate","meanEdge","dominantEdge","leftRightBalance","topBottomBalance","thirdsAlignment","subjectConcentration","subjectCenterSupport","subjectXRatio","subjectYRatio","backgroundInformation","backgroundClutter","compositionScore","lightScore","colorScore","technicalScore","subjectScore","impactScore","ruleTotalScore"],"means":[112.97798393923534,53.4820785474657,0.41782873865207576,0.018161941758330014,0.13371116223630694,6.788142678810318,0.2986094134603983,19.741173928384367,1.555534527497442,54.24275880597365,99.98022292615674,0.8680571178702718,0.7193664159635655,0.4982206323177512,0.06659478897314158,0.8995123849040185,0.4945991475462322,0.5185808500362562,0.5360490069040187,0.34321541427993213,64.55497382198953,74.43193717277487,69.90837696335079,67.54450261780104,62.282722513089006,68.04188481675392,66.20680628272251],"scales":[45.49838817311628,12.941545340907798,0.10110582297584217,0.07823280860081258,0.23953401576477282,1.612680329739047,0.2271778832219018,15.729836022960871,1.1030663874725177,33.34956549089744,68.337559263797,0.14506541690941738,0.2221529671508116,0.09715241621872518,0.027980012638579473,0.12401186676675464,0.03367080013093288,0.07028772455618879,0.2642295047546905,0.10759966584585125,4.172443114509453,14.076802272389413,12.208677841733685,28.180734175661776,9.531357172579018,5.098334047513091,6.270654312508084],"weights":[3.175109784443697,0.05021609259185226,0.05021609259185226,-2.1454394052846157,1.7207441849948628,0.1337179177082446,1.5610181901967672,-0.3338326510844677,-1.1994834084406336,-1.6691197530490665,3.1998630941763895,-0.9827792205146325,-1.0532761230044123,-1.166464718936471,0.3175148778178923,0.0014510704761553476,0.09632367596668027,0.43070604230798726,-1.3990104040562892,0.08610950357634657,1.116946383929964,-0.6530108462038161,-0.24741711808348252,-0.6879102473856318,-0.9705354539728456,-0.3643298330768194,-1.0682877049763628],"bias":0.4712041884816527,"training_mae":4.31436546164104}