{"model_type":"linear_residual_regression_v2","model_version":"linear-v2-20260329121620","trained_at":"2026-03-29T03:16:20.420515+00:00","sample_count":515,"minimum_ml_samples":30,"recommended_ml_samples":100,"target":"delta = corrected_score - rule_score","feature_names":["brightnessMean","brightnessStd","contrast","overexposedRatio","underexposedRatio","entropy","saturationRatio","sharpnessRaw","noiseEstimate","meanEdge","dominantEdge","leftRightBalance","topBottomBalance","thirdsAlignment","subjectConcentration","subjectCenterSupport","subjectXRatio","subjectYRatio","backgroundInformation","backgroundClutter","compositionScore","lightScore","colorScore","technicalScore","subjectScore","impactScore","ruleTotalScore"],"means":[112.97830986603904,54.771910907695734,0.4279055539663729,0.024227318475360173,0.12325706695646879,6.857322422203544,0.2968285366795847,21.360017726994297,1.6883689810554827,56.01752395990315,103.39958865768865,0.8657913730997614,0.7120201251102857,0.5042502350650397,0.06593363481615175,0.8994593001425681,0.4971058678829049,0.5194321651246363,0.5457802978325806,0.3485386563498605,64.39223300970873,73.73980582524271,69.15533980582525,68.98252427184465,62.00970873786408,67.90485436893204,66.14563106796116],"scales":[43.49464748143979,13.997797979984872,0.10935779671863181,0.08799196459137211,0.22089443600791875,1.4814833943679289,0.22968071813097105,17.78935844006921,1.3006935366259198,34.92539850214279,71.58478477497802,0.14847079075882547,0.22754876424386505,0.09916071445295949,0.02731971118609894,0.11258677978907126,0.03412186043356191,0.07244212522096022,0.25756540962164715,0.10696141039126013,4.161023243283236,14.24277258247433,12.920336406057578,27.452937406930236,9.416670969518696,5.395852032214081,6.47865467125128],"weights":[2.9398660805469254,-0.2701928506828242,-0.2701928506828242,-2.0046383128437832,2.806617566543651,0.8637283858932103,1.2248239849898184,-0.7654414908594012,-0.6925147138959974,0.14915186313146928,2.1006695565504976,-1.0539116961100614,-1.2821529642043938,-1.803136945762532,0.1821380228062069,-0.02707349951656575,-0.4569831488743162,0.539137387013162,-1.165559863770755,0.6600400008187203,1.0312965947667874,-0.3789074120343252,0.172006371013834,-1.5163817918768805,-0.7824747455223018,-0.0681453534338666,-1.0586223359796574],"bias":-0.6271844660194352,"training_mae":4.718168530904276}