{"model_type":"linear_residual_regression_v2","model_version":"linear-v2-20260409013716","trained_at":"2026-04-08T16:37:16.359027+00:00","sample_count":645,"minimum_ml_samples":30,"recommended_ml_samples":100,"target":"delta = corrected_score - rule_score","feature_names":["brightnessMean","brightnessStd","contrast","overexposedRatio","underexposedRatio","entropy","saturationRatio","sharpnessRaw","noiseEstimate","meanEdge","dominantEdge","leftRightBalance","topBottomBalance","thirdsAlignment","subjectConcentration","subjectCenterSupport","subjectXRatio","subjectYRatio","backgroundInformation","backgroundClutter","compositionScore","lightScore","colorScore","technicalScore","subjectScore","impactScore","ruleTotalScore"],"means":[118.65600703814867,54.90019543297462,0.4289077768201142,0.030426167828702038,0.10928486754228131,6.908916891531203,0.2939446386536149,22.224580191371242,1.6739554393057061,58.27077699476129,108.44015332895059,0.867166505752361,0.7228624304378513,0.4970528432989721,0.06567207620439823,0.9037183608149998,0.49724213284000635,0.5181884850832705,0.556377892153967,0.3545666607375559,64.28372093023256,73.88527131782946,69.11627906976744,68.14108527131783,61.80930232558139,67.87441860465117,65.79069767441861],"scales":[44.772353466603505,13.903338562615902,0.10861983252043673,0.10038786308511437,0.20426688325709927,1.378688064538225,0.2301423640633175,18.06188434006745,1.2525261331311544,34.863598981245005,72.12252133048048,0.14078420087374718,0.22675153457163139,0.09757626584977533,0.025746555459156537,0.10356271952380668,0.03422345290574677,0.0696646254715368,0.24961231239147247,0.10472322127179949,4.238084814968234,14.060418360108304,12.987786694003791,27.155714097119773,9.396316628334594,5.460900897788553,6.742293238795065],"weights":[2.498888265405457,-0.31823996014252176,-0.31823996014252176,-1.369844534070619,2.9134435258600107,1.057667502879446,1.25454485882519,-0.7090521742042519,-0.6136956386642457,0.3113579981018355,0.8666914010008923,-1.361755311655486,-1.77294078724996,-1.7029906801132142,-0.10170255798753626,0.02817217277275832,-0.26359421665289545,0.6149003866390241,-0.5570066085698655,0.4069145743516663,1.7589504058782894,-0.3736479668111009,0.22065763714368186,-1.4438150397143572,-1.22153283579715,-0.23280485855330327,-0.3484897671060547],"bias":-0.5255813953488399,"training_mae":4.588647473117303}