{"model_type":"linear_residual_regression_v2","model_version":"linear-v2-20260323203537","trained_at":"2026-03-23T11:35:37.027862+00:00","sample_count":305,"minimum_ml_samples":30,"recommended_ml_samples":100,"target":"delta = corrected_score - rule_score","feature_names":["brightnessMean","brightnessStd","contrast","overexposedRatio","underexposedRatio","entropy","saturationRatio","sharpnessRaw","noiseEstimate","meanEdge","dominantEdge","leftRightBalance","topBottomBalance","thirdsAlignment","subjectConcentration","subjectCenterSupport","subjectXRatio","subjectYRatio","backgroundInformation","backgroundClutter","compositionScore","lightScore","colorScore","technicalScore","subjectScore","impactScore","ruleTotalScore"],"means":[119.25407013680173,54.02377247762118,0.42206072248141546,0.02160455562745797,0.08518581519712215,7.132164281117944,0.3141821492289647,20.512684209692942,1.5985494751735985,56.50914594976596,105.21532661445988,0.8700442020024065,0.7052466580135569,0.5122531460523927,0.06254182644374083,0.8882729173469719,0.49453174641833864,0.5205291319886387,0.5747986958772526,0.35828013408860604,64.07540983606557,75.71475409836066,70.15737704918033,70.68196721311476,61.239344262295084,68.3967213114754,66.79016393442623],"scales":[40.627636733743174,12.734979066007,0.09949202395317969,0.0870142259309192,0.16233644231574318,1.0348289676666065,0.23364636552713777,15.070707604477624,1.0194805847122608,31.772600972904364,66.09570997877987,0.13308519592289053,0.2290514275625376,0.09115928123260517,0.021418531478686123,0.1335548550428374,0.03469480794868267,0.07481868104781812,0.22759984982844292,0.09901691206724887,3.970904663729392,13.410563930705246,12.69108967167734,26.308768769420944,8.937584642516079,4.944610154306442,5.896531487212024],"weights":[2.6200491736007048,-0.213751424540251,-0.213751424540251,-1.8629006484925132,1.867357103665756,1.6381857831520337,1.6795699077152395,-0.1476794127629439,-1.2972018181011356,-1.5582088210759055,3.196268577885477,-1.2580341624402511,-1.6325537286508274,-1.5950406208331105,0.35814781247983424,-0.006793512563790349,0.21775579238979137,0.32466599626594134,-1.0981358815695412,-0.5980283557486487,0.9728984572266614,-1.2083718725253203,0.2764956787084566,-0.7739368340600417,-1.5921184287912369,0.3780533944865147,-1.5069113207310754],"bias":-0.05901639344263012,"training_mae":4.379402432445106}