{"model_type":"linear_residual_regression_v2","model_version":"linear-v2-20260320075418","trained_at":"2026-03-19T22:54:18.726515+00:00","sample_count":88,"minimum_ml_samples":30,"recommended_ml_samples":100,"target":"delta = corrected_score - rule_score","feature_names":["brightnessMean","brightnessStd","contrast","overexposedRatio","underexposedRatio","entropy","saturationRatio","sharpnessRaw","noiseEstimate","meanEdge","dominantEdge","leftRightBalance","topBottomBalance","thirdsAlignment","subjectConcentration","subjectCenterSupport","subjectXRatio","subjectYRatio","backgroundInformation","backgroundClutter","compositionScore","lightScore","colorScore","technicalScore","subjectScore","impactScore","ruleTotalScore"],"means":[120.26341520237025,54.26817926170673,0.4239701504820838,0.043701103912065636,0.11980193974570007,6.789358451090359,0.3167147667341842,20.610419944259572,1.4287663093756782,53.02969284652886,99.39587595605485,0.8612815198026618,0.6573755512846069,0.5325428306765446,0.0644954302424336,0.8392822190524616,0.49024046474876637,0.5263329415080622,0.5201531008009174,0.3444248766840033,63.61363636363637,71.76136363636364,68.38636363636364,65.22727272727273,61.81818181818182,66.54545454545455,64.70454545454545],"scales":[50.39764163583097,12.411586377210396,0.09696551857195622,0.13791188446872368,0.2103006384363338,1.3801515015112675,0.2536774838539124,16.969834604938633,0.9361281680931383,33.888259068552344,72.37009645200364,0.16328324522936752,0.2384626217178514,0.09703601658933361,0.024413821457638474,0.218144000786381,0.03652970994864483,0.08122644253625667,0.26206614463907263,0.11739842873953725,4.3207528231406265,14.138916570121616,12.804856871676947,28.811190720687012,9.196770004321992,5.44165142653716,6.531669511814744],"weights":[3.118712845244911,-0.4130171836235727,-0.4130171836235727,-2.339622388941584,3.7672502851056504,0.4629421022612666,1.2981274847657545,-0.530564266134563,-0.8613822943326602,-2.2976913068893414,3.356936912260065,-0.06903766128749439,-0.49693997737231577,0.804045679040575,0.6578209496217969,0.11659949231163977,0.4745214390805733,0.833759895800533,-1.0432591007804337,-0.1406365110182546,1.3324212878594603,-0.5143969095626872,0.5314738857793951,-1.1557123058014818,-3.113656182999322,1.242695774043083,-1.4353281013409038],"bias":0.045454545454551555,"training_mae":3.3391257814061364}