{"model_type":"linear_residual_regression_v2","model_version":"linear-v2-20260319001710","trained_at":"2026-03-18T15:17:10.761122+00:00","sample_count":29,"minimum_ml_samples":30,"recommended_ml_samples":100,"target":"delta = corrected_score - rule_score","feature_names":["brightnessMean","brightnessStd","contrast","overexposedRatio","underexposedRatio","entropy","saturationRatio","sharpnessRaw","noiseEstimate","meanEdge","dominantEdge","leftRightBalance","topBottomBalance","thirdsAlignment","subjectConcentration","subjectCenterSupport","subjectXRatio","subjectYRatio","backgroundInformation","backgroundClutter","compositionScore","lightScore","colorScore","technicalScore","subjectScore","impactScore","ruleTotalScore"],"means":[129.47010180267577,52.891963810482665,0.4132184672693958,0.056134074082923646,0.07404758245171869,7.039537193629931,0.2949821686358536,19.711442653041104,1.2378140024212307,54.68501625634768,104.78045923211843,0.8489900067588528,0.6597005195205047,0.5486817918191561,0.06058006428968025,0.7254861940422443,0.48115694819628846,0.514779810970848,0.5527472585758236,0.36190350113147884,63.172413793103445,72.93103448275862,71.24137931034483,68.51724137931035,60.689655172413794,67.24137931034483,65.72413793103448],"scales":[48.01817959720034,11.014919711053745,0.08605406024260738,0.16483443229908257,0.12742885279826158,0.9614284221489622,0.26934275859368007,15.251831153633496,0.7330446666241577,29.623922340260854,67.79386213742389,0.15052648332242616,0.2225508828982883,0.08943977598838755,0.015131866341146497,0.3372229229495385,0.0395030415515011,0.08280255310869492,0.22254784828334273,0.1049091843012722,4.034924821051056,12.681594141287135,11.49709160348313,26.17793317841308,8.558534551790824,4.157711343364803,4.682296457819183],"weights":[5.227095872131434,0.03753458808432928,0.03753458808432928,-2.06845252860832,3.6881479310151106,0.2489151866270206,1.0105523342530711,-1.5926865092976117,-1.5028714321356014,-2.239491838307629,5.4683293809130324,-1.1942580078340999,-1.0785307611888246,0.9884025277222712,0.9606655027334766,-0.8835802886671342,1.1602055576077004,2.0317477849865173,2.9031745962981845,0.8931019677257838,2.1842410493082953,0.9858944159847884,0.3091479476133746,-2.1630728812559696,-0.5768185478562762,-1.2431715005300688,-0.7972366528408347],"bias":-3.141050637979994e-15,"training_mae":1.8472115745526523}