{"model_type":"linear_residual_regression_v2","model_version":"linear-v2-20260329000301","trained_at":"2026-03-28T15:03:01.267549+00:00","sample_count":502,"minimum_ml_samples":30,"recommended_ml_samples":100,"target":"delta = corrected_score - rule_score","feature_names":["brightnessMean","brightnessStd","contrast","overexposedRatio","underexposedRatio","entropy","saturationRatio","sharpnessRaw","noiseEstimate","meanEdge","dominantEdge","leftRightBalance","topBottomBalance","thirdsAlignment","subjectConcentration","subjectCenterSupport","subjectXRatio","subjectYRatio","backgroundInformation","backgroundClutter","compositionScore","lightScore","colorScore","technicalScore","subjectScore","impactScore","ruleTotalScore"],"means":[112.75047607661249,54.74736969310427,0.4277138257273771,0.022986769222407277,0.1255431020719215,6.849641935313853,0.2955657853100285,20.861925662057057,1.6532888601154219,55.17428214435839,101.81531280160712,0.8656563546318419,0.7100319910399818,0.5053298110822962,0.06601288268514796,0.8985722213125162,0.4970487723571213,0.5205125404403426,0.5411031923209991,0.3468529635153848,64.4003984063745,73.60756972111554,69.20717131474103,68.53585657370517,62.179282868525895,67.85657370517929,66.0796812749004],"scales":[43.600363671999446,14.03332614471258,0.10963536050556703,0.0798393138377138,0.22317877776256226,1.4723425786376865,0.2297857483253019,16.812952516904137,1.2171447434129274,34.14525979891916,70.55589740082195,0.1444147413383895,0.22810548653850446,0.09952523867262897,0.02683641601171563,0.11364307186591922,0.03442815255107299,0.07259689694304086,0.25600937979424554,0.10660150532286433,4.154995054752461,14.196100359200257,12.949676900956922,27.438771191606342,9.36785473171778,5.359147763826603,6.443875493250764],"weights":[2.9110236278194423,-0.3028321192503762,-0.3028321192503762,-1.7441080224184615,2.64057341177404,0.6426101146482934,1.2503545531340527,-0.9689949263670825,-0.8726133248864242,-0.07251186292348413,2.1537432641203478,-1.0479701614824561,-1.2525083894272866,-1.905933243960972,0.2620165635707517,-0.0058228345703101,-0.4038403790521728,0.5109379194205419,-1.0161334503816943,0.8562850359629963,1.0605725681625247,-0.4025220020774564,0.07578493647455013,-1.3901416533210182,-0.931638301020903,0.08060540211637515,-1.1212692495330276],"bias":-0.5478087649402579,"training_mae":4.657500264516197}